µ¥´Ê,´ÎÊý
ample,3538
format,2049
decimal,2005
adjacent,1280
minimal,1145
segment,868
array,862
consecutive,746
rectangular,688
clockwise,634
inclusive,574
tile,552
random,542
intersection,520
configuration,468
software,465
axis,451
minimize,422
representation,405
denote,363
monster,340
specification,326
lease,314
overlap,286
notation,242
priority,225
remainder,209
directory,198
partition,193
penalty,192
integral,161
web,158
finite,155
linear,155
chip,151
simulate,151
terminate,151
gear,151
invalid,143
virus,141
gene,139
execution,136
implement,134
triple,128
client,121
domain,121
cylinder,118
parameter,115
bonus,115
guy,115
junction,113
longitude,112
category,112
ferry,111
identification,108
rating,104
specifically,103
warehouse,100
arch,100
bid,97
pasture,96
sin,95
transaction,93
slot,93
heir,90
jury,87
token,86
orientation,86
cluster,85
currency,85
species,84
inventory,84
bracket,84
bug,83
arc,81
transition,80
statistics,79
numerical,79
alien,73
galaxy,72
magnitude,72
trivial,72
void,71
alternate,71
terrain,70
proposition,69
anniversary,67
merge,67
coincide,66
whereas,64
successor,64
latitude,63
assumption,63
virtual,62
foul,62
threshold,61
script,60
symmetry,59
spy,59
budget,58
classic,58
divine,57
ambiguous,57
relay,57
redundant,57
exclusive,56
declaration,55
identity,53
marble,52
replacement,52
legend,51
option,51
situated,51
tick,50
tribe,49
participant,49
hose,48
batch,47
shipment,47
chord,44
precede,44
edit,44
cue,44
clarity,43
locomotive,43
pearl,43
messenger,43
ingredient,42
mess,41
duplicate,41
pendulum,41
bunch,41
traverse,41
reservation,41
angel,40
discrete,40
prototype,40
strategic,40
tar,40
invert,40
suspicious,39
mall,39
garbage,39
poster,38
negligible,37
extract,37
degenerate,36
transit,36
landscape,36
skip,36
context,35
fuse,35
media,35
discount,35
periodic,34
illusion,34
vulnerable,34
ally,34
medal,34
mechanism,33
creation,33
dual,32
surplus,32
hypothesis,32
presentation,32
architect,31
buffer,31
municipal,31
cumulative,30
composite,30
offset,30
genetic,30
eligible,30
revenge,30
bull,29
profile,29
bearing,29
accommodate,29
striking,29
descendant,28
designate,27
enterprise,27
literal,27
consumer,27
estate,27
overflow,27
update,27
diplomatic,26
tow,26
dome,26
kit,25
fantastic,25
global,25
collide,25
combat,25
melody,25
naive,25
adhere,24
crucial,24
flush,24
hierarchy,24
suicide,23
fitting,23
manipulate,23
instantaneous,23
upgrade,23
integrity,23
likelihood,23
horrible,22
seemingly,22
amateur,22
swamp,22
snap,22
sector,21
dock,21
basement,21
silicon,21
recipient,21
legitimate,21
subordinate,21
reside,21
acute,21
deficit,20
volunteer,20
curb,20
complement,20
quest,20
eclipse,20
clause,20
scared,20
toss,20
jail,20
fort,20
intact,19
patrol,19
opaque,19
stationary,19
confusion,19
nightmare,19
imperial,19
fax,19
entity,19
compartment,19
fake,18
erroneous,18
explicit,18
equator,18
equilibrium,18
bronze,18
trigger,18
plausible,18
advertise,18
idiom,18
commodity,17
stall,17
competitive,17
hinge,17
linger,17
priest,17
spiral,17
entertainment,17
originate,17
compact,17
criterion,17
chaos,17
hearing,17
optimum,17
tablet,17
summit,17
retrieve,16
muddy,16
nominal,16
compatible,16
enthusiastic,16
correspondence,16
rip,16
aesthetic,16
incredible,16
grab,16
dominate,15
chat,15
diet,15
disastrous,15
unfold,15
signify,15
subtle,15
valve,15
corporate,15
qualification,15
polar,15
theme,15
deadly,15
pursuit,15
recipe,15
clip,15
intricate,14
flaw,14
promising,14
notorious,14
vicious,14
straightforward,14
allocate,14
circus,14
massive,14
validity,14
metropolitan,14
correspondent,14
panic,14
agenda,14
oath,14
facilitate,13
attendance,13
homogeneous,13
conform,13
proceeding,13
thermal,13
presumably,13
spectator,13
profitable,13
survival,13
shuttle,13
contribution,13
beforehand,13
highlight,12
constituent,12
spouse,12
expedition,12
shaft,12
anonymous,12
graze,12
bribe,12
probe,12
simultaneous,12
bless,12
meadow,12
tackle,12
persistent,12
discrepancy,12
eccentric,12
eternal,12
automation,11
episode,11
suffice,11
lame,11
rim,11
sculpture,11
spectrum,11
activate,11
violate,11
irrespective,11
academy,11
gallery,11
notion,11
detective,11
fist,11
wallet,11
endurance,11
doom,11
stride,11
rot,10
consultant,10
earnings,10
staircase,10
obscure,10
ignorance,10
exotic,10
peer,10
descent,10
insight,10
medieval,10
attendant,10
spatial,10
enhance,10
gamble,10
gigantic,10
compile,10
humidity,10
offspring,10
robust,10
underlying,10
assert,10
synthesis,10
norm,10
tactics,9
seam,9
elegant,9
closet,9
inland,9
implicit,9
romance,9
marshal,9
interact,9
exceptional,9
generalize,9
indefinite,9
alongside,9
intent,9
resultant,9
alert,9
ingenious,9
masterpiece,9
coincidence,9
hatch,9
circulation,9
escort,9
tilt,9
drawback,9
skeleton,9
illuminate,9
comedy,9
suitcase,9
delegate,9
dispatch,9
feast,9
outbreak,9
clash,9
predecessor,9
solo,9
resent,9
bankrupt,9
fixture,8
customary,8
heal,8
patent,8
reign,8
analytical,8
permissible,8
vicinity,8
ambitious,8
incidence,8
controversial,8
ascend,8
summon,8
fragile,8
propagate,8
thesis,8
hemisphere,8
consensus,8
metallic,8
dizzy,8
journalist,8
bulletin,8
lunar,8
sparkle,8
alliance,8
donate,8
nominate,8
cereal,7
rally,7
expertise,7
yell,7
cavity,7
empirical,7
imperative,7
hurricane,7
nasty,7
odor,7
invariably,7
initiative,7
tuition,7
sober,7
dominant,7
flee,7
charm,7
engagement,7
cellar,7
destiny,7
theft,7
heritage,7
limp,7
offensive,7
versus,7
suspension,7
periodical,7
verbal,7
dilemma,7
damn,7
astronomy,7
trait,7
comet,7
antique,7
civilian,7
warrant,7
bureaucracy,6
scent,6
proximity,6
disclose,6
diploma,6
intrigue,6
colonial,6
tug,6
complication,6
impulse,6
sexual,6
insane,6
whereby,6
historian,6
forthcoming,6
visualize,6
realistic,6
endeavor,6
electronics,6
prone,6
ward,6
ritual,6
innovation,6
subjective,6
pastime,6
nickel,6
prospective,6
expend,6
elite,6
fluctuate,6
pedestrian,6
verse,6
erosion,6
poll,6
expenditure,6
perception,6
compensate,6
intuition,6
wedge,6
converge,6
historic,6
paradise,6
intellect,6
tutor,6
yacht,6
drought,6
glide,6
clearance,5
tuck,5
advent,5
integrate,5
bypass,5
diagnose,5
tease,5
embed,5
henceforth,5
gorgeous,5
sue,5
prey,5
eject,5
boom,5
resemblance,5
fantasy,5
grief,5
incidentally,5
recruit,5
induce,5
abnormal,5
ban,5
paradox,5
tract,5
buzz,5
savage,5
badge,5
fling,5
capsule,5
momentum,5
blossom,5
inertia,5
destined,5
vent,5
justification,5
regime,4
comply,4
retail,4
breakdown,4
jerk,4
ego,4
detach,4
weary,4
analogy,4
dentist,4
bump,4
flutter,4
zinc,4
productivity,4
concise,4
acknowledge,4
timely,4
incur,4
hamper,4
convict,4
watertight,4
apt,4
cooperative,4
depression,4
nutrition,4
rage,4
foresee,4
invaluable,4
incentive,4
controversy,4
ambassador,4
vocational,4
elapse,4
crisp,4
brace,4
ceramic,4
morality,4
barely,4
spectacular,4
accord,4
foremost,4
ignite,4
smash,4
exquisite,4
ascertain,4
snack,4
confront,4
luminous,4
tragic,4
immune,4
pope,4
stabilize,4
marsh,4
unify,4
assault,4
solidarity,4
conception,4
brutal,4
prophet,4
confidential,4
stern,4
premise,4
disrupt,4
questionnaire,4
recreation,4
cartoon,4
constrain,4
verdict,4
inference,4
forum,3
prestige,3
manuscript,3
gossip,3
radical,3
decisive,3
administer,3
peel,3
chronic,3
deliberate,3
tangle,3
bald,3
inspiration,3
oval,3
bleak,3
acquisition,3
corrupt,3
fraud,3
hinder,3
certainty,3
expel,3
presume,3
stubborn,3
cruise,3
inhabit,3
hover,3
oriental,3
skeptical,3
installment,3
cosmic,3
counterpart,3
dismay,3
essence,3
census,3
mortgage,3
allowance,3
drainage,3
scrutiny,3
aerial,3
migrate,3
coherent,3
rigorous,3
disguise,3
warfare,3
reciprocal,3
destructive,3
bachelor,3
notable,3
sheer,3
glare,3
bias,3
irony,3
endow,3
petty,3
initiate,3
reclaim,3
clinic,3
multitude,3
revolve,3
caution,3
perfection,3
federation,3
splash,3
perpetual,3
saint,3
rig,3
fossil,3
impetus,3
plateau,3
assurance,3
comparable,3
doctrine,3
cautious,3
energetic,3
lick,3
facet,3
diversion,2
indulge,2
mortal,2
slogan,2
underestimate,2
cater,2
liner,2
intermittent,2
shrewd,2
scar,2
inflation,2
disregard,2
myth,2
fellowship,2
conscientious,2
rejoice,2
economics,2
quarterly,2
decent,2
plague,2
surpass,2
superiority,2
deprive,2
stitch,2
incorporate,2
tenant,2
supplementary,2
ballet,2
humanity,2
entrepreneur,2
ethics,2
elevate,2
mock,2
litter,2
disable,2
diminish,2
extinguish,2
foil,2
safeguard,2
adjoin,2
misfortune,2
abrupt,2
courtesy,2
timber,2
rebellion,2
elderly,2
texture,2
recession,2
hospitality,2
accessory,2
fusion,2
lounge,2
compulsory,2
tribute,2
obedient,2
racket,2
charity,2
militant,2
orient,2
unanimous,2
intervene,2
commemorate,2
contend,2
shabby,2
avail,2
couch,2
studio,2
wretched,2
nonetheless,2
youngster,2
strive,2
analytic,2
ponder,2
cherish,2
residential,2
formidable,2
hug,2
decline,2
conspicuous,2
recycle,2
extinct,2
carve,2
undermine,2
lobby,2
republican,2
corps,2
spacious,2
legislation,2
terrific,2
retrospect,2
dread,2
tolerant,2
bizarre,2
narrative,2
competence,2
electrician,2
intrinsic,2
sauce,2
differentiate,2
lamb,2
clamp,2
stumble,1
transplant,1
depict,1
deteriorate,1
commute,1
correlate,1
refute,1
locality,1
quantify,1
shatter,1
smuggle,1
bud,1
scandal,1
timid,1
bruise,1
casualty,1
discriminate,1
readily,1
adolescent,1
layman,1
commonplace,1
ideology,1
ensue,1
abolish,1
despise,1
fascinate,1
renaissance,1
sponge,1
rectify,1
abundance,1
speculate,1
proclaim,1
eloquent,1
pedal,1
gracious,1
revelation,1
intelligible,1
amplify,1
sturdy,1
tempo,1
repay,1
commence,1
proficiency,1
premature,1
turbulent,1
premium,1
symptom,1
denial,1
gloomy,1
elicit,1
catholic,1
subscribe,1
unemployment,1
mourn,1
hasty,1
dubious,1
drastic,1
displace,1
irritate,1
curriculum,1
pose,1
profound,1
literacy,1
irrigation,1
overwhelm,1
ivory,1
defy,1
postulate,1
obligation,1
conserve,1
guardian,1
vein,1
surge,1
knit,1
solitary,1
slim,1
radiate,1
authentic,1
midst,1
notwithstanding,1
testimony,1
degrade,1
formulate,1
prescription,1
evoke,1
inject,1
recite,1
privacy,1
expire,1
feeble,1
baffle,1
purity,1
dignity,1
collaboration,1
reckon,1
flatter,1
cling,1
concession,1
vocal,1
contradict,1
betray,1
prolong,1
sensation,1
disperse,1
instrumental,1
deem,1
augment,1
tumble,1
misery,1
agony,1
revive,1
boost,1
tariff,1
miniature,1
costume,1
enclosure,1
recur,1
asset,1
thirst,1
infectious,1
superb,1
dissipate,1
